 ,0                                                             ,0    ,0                                                  ,0                  ,0
0,收到货了，宝贝质量很好，穿着很合适，大小也很标准值得推鞋子非常的好看，款式很百搭，时尚大方，质量也很好，做工精致，值得购买荐,j***d,篮球鞋男高帮情侣鸳鸯鞋aj男鞋2019夏季新品运动鞋潮鞋跑步鞋运动鞋子男篮球靴 福顺达aj白黑红 41,2019-02-23 20:42:14,8012白色
1,宝贝不错做工精美，款式也很时尚，非常好看，非常大方，穿着很有气质，好评。                          ,j***v,篮球鞋男高帮情侣鸳鸯鞋aj男鞋2019夏季新品运动鞋潮鞋跑步鞋运动鞋子男篮球靴 福顺达aj白黑红 41,2019-02-20 18:21:20,8012白色
2,鞋子很漂亮，时尚大方，穿着很好看，质量也很好，做工精致，暂时没发现什么质量问题                       ,j***t,篮球鞋男高帮情侣鸳鸯鞋aj男鞋2019夏季新品运动鞋潮鞋跑步鞋运动鞋子男篮球靴 福顺达aj白黑红 41,2019-02-22 18:01:36,8012白色
3,鞋子挺不错的，质量也好，上脚舒服，款式也很百搭，很好搭配衣服，很满意                            ,j***v,篮球鞋男高帮情侣鸳鸯鞋aj男鞋2019夏季新品运动鞋潮鞋跑步鞋运动鞋子男篮球靴 福顺达aj白黑红 41,2019-02-24 17:32:20,8012白色
4,鞋子版型好看。没有色差。质量很好。穿着舒服。不磨脚。是我喜欢样子。满意                           ,夏***c,篮球鞋男高帮情侣鸳鸯鞋aj男鞋2019夏季新品运动鞋潮鞋跑步鞋运动鞋子男篮球靴 福顺达aj白黑红 41,2019-02-28 14:14:42,8012白色
5,鞋子款式不错。版型漂亮。穿着好看。没有色差。脚感很好。价格实惠                               ,汤***a,篮球鞋男高帮情侣鸳鸯鞋aj男鞋2019夏季新品运动鞋潮鞋跑步鞋运动鞋子男篮球靴 福顺达aj白黑红 41,2019-03-02 16:41:21,8012白色
6,鞋子质量非常好，做工也很时尚，款式精美，穿着舒服，不磨脚，好评。                              ,伟***2,篮球鞋男高帮情侣鸳鸯鞋aj男鞋2019夏季新品运动鞋潮鞋跑步鞋运动鞋子男篮球靴 福顺达aj白黑红 41,2019-01-31 13:49:52,8012白色
7,鞋子很不错，做工很好，穿着舒服，大小也很合适，码数很准，祝店家生意兴隆                           ,j***f,篮球鞋男高帮情侣鸳鸯鞋aj男鞋2019夏季新品运动鞋潮鞋跑步鞋运动鞋子男篮球靴 福顺达aj白黑红 41,2019-02-21 19:03:36,8012白色
8,宝贝收到，做工很好，款式精美，时尚大方，穿着很好看，很有气质，满意                             ,j***p,篮球鞋男高帮情侣鸳鸯鞋aj男鞋2019夏季新品运动鞋潮鞋跑步鞋运动鞋子男篮球靴 福顺达aj白黑红 41,2019-02-23 20:18:11,8012白色
9,鞋子非常的好看，做工精美，穿着很有气质，很百搭，很好配衣服，好评。                             ,j***n,篮球鞋男高帮情侣鸳鸯鞋aj男鞋2019夏季新品运动鞋潮鞋跑步鞋运动鞋子男篮球靴 福顺达aj白黑红 41,2019-02-24 18:43:07,8012白色
0,鞋子穿着舒服。款式漂亮。做工精细。版型不错。非常合适。满意                                 ,石***p,篮球鞋男高帮情侣鸳鸯鞋aj男鞋2019夏季新品运动鞋潮鞋跑步鞋运动鞋子男篮球靴 福顺达aj白黑红 41,2019-03-04 16:46:36,8012白色
1,很不错鞋子。款式不错。穿着合脚非常舒适。大小合适。发货速度很快。十分满意                          ,尹***g,篮球鞋男高帮情侣鸳鸯鞋aj男鞋2019夏季新品运动鞋潮鞋跑步鞋运动鞋子男篮球靴 福顺达aj白黑红 41,2019-03-04 13:49:49,8012白色
2,鞋子做工挺好的，款式也很漂亮，穿着很有气质，走路舒服不磨脚，好评。                             ,j***m,篮球鞋男高帮情侣鸳鸯鞋aj男鞋2019夏季新品运动鞋潮鞋跑步鞋运动鞋子男篮球靴 福顺达aj白黑红 41,2019-01-30 15:23:03,白色
3,鞋子很喜欢，大小合适，做工精美，质量也非常好，搭配衣服特别百搭，好评                            ,j***o,篮球鞋男高帮情侣鸳鸯鞋aj男鞋2019夏季新品运动鞋潮鞋跑步鞋运动鞋子男篮球靴 福顺达aj白黑红 41,2019-02-24 21:38:45,8012白色
4,鞋子不错，非常百搭，穿着舒服，没有色差，没有异味，好评                                   ,汤***h,篮球鞋男高帮情侣鸳鸯鞋aj男鞋2019夏季新品运动鞋潮鞋跑步鞋运动鞋子男篮球靴 福顺达aj白黑红 41,2019-03-05 15:00:45,8012白色
5,宝贝收到了，物流很快满意，做工很精致，没有发现什么问题，颜色也很正，没有色差。                       ,j***c,篮球鞋男高帮情侣鸳鸯鞋aj男鞋2019夏季新品运动鞋潮鞋跑步鞋运动鞋子男篮球靴 福顺达aj白黑红 41,2019-02-21 17:18:38,8012白色
6,鞋子款式漂亮。上脚效果不错。做工精细。大小合适。发货速度很快                                ,j***g,篮球鞋男高帮情侣鸳鸯鞋aj男鞋2019夏季新品运动鞋潮鞋跑步鞋运动鞋子男篮球靴 福顺达aj白黑红 41,2019-02-27 17:05:40,8012白色
7,鞋子很不错，穿着舒服，款式也很好看，很大气，朋友都说很好看，好评。                             ,j***k,篮球鞋男高帮情侣鸳鸯鞋aj男鞋2019夏季新品运动鞋潮鞋跑步鞋运动鞋子男篮球靴 福顺达aj白黑红 41,2019-02-24 18:08:37,8012白色
8,鞋子很好看，质量好，穿着很舒服，不磨脚，透气性也很棒，值得购买                               ,j***q,篮球鞋男高帮情侣鸳鸯鞋aj男鞋2019夏季新品运动鞋潮鞋跑步鞋运动鞋子男篮球靴 福顺达aj白黑红 41,2019-02-23 21:06:39,8012白色
9,鞋子质量不错。发货速度很快。穿着舒适。不磨脚。款式漂亮。物有所值                              ,j***r,篮球鞋男高帮情侣鸳鸯鞋aj男鞋2019夏季新品运动鞋潮鞋跑步鞋运动鞋子男篮球靴 福顺达aj白黑红 41,2019-01-28 14:55:58,白色
0,鞋子挺不错的，做工很精美，款式时尚，质量也没问题，下次还来                                 ,j***a,篮球鞋男高帮情侣鸳鸯鞋aj男鞋2019夏季新品运动鞋潮鞋跑步鞋运动鞋子男篮球靴 福顺达aj白黑红 41,2019-02-24 16:52:53,8012白色
1,鞋子收到了。质量很好。款式不错。做工精细。穿着合脚。 下次再来                               ,j***u,篮球鞋男高帮情侣鸳鸯鞋aj男鞋2019夏季新品运动鞋潮鞋跑步鞋运动鞋子男篮球靴 福顺达aj白黑红 41,2019-02-25 15:50:02,8012白色
2,鞋子包装不错，发货速度很快，版型合适，没有色差，穿着合脚，颜色很好看                            ,j***s,篮球鞋男高帮情侣鸳鸯鞋aj男鞋2019夏季新品运动鞋潮鞋跑步鞋运动鞋子男篮球靴 福顺达aj白黑红 41,2019-01-27 17:12:29,白色
3,鞋子质量非常好，穿着很合脚，质量也很好，透气性不错，好评。                                 ,j***k,篮球鞋男高帮情侣鸳鸯鞋aj男鞋2019夏季新品运动鞋潮鞋跑步鞋运动鞋子男篮球靴 福顺达aj白黑红 41,2019-01-30 15:47:50,白色
4,鞋子穿着舒服好看。版型不错。款式很漂亮。穿着不磨脚。很喜欢                                 ,常***i,篮球鞋男高帮情侣鸳鸯鞋aj男鞋2019夏季新品运动鞋潮鞋跑步鞋运动鞋子男篮球靴 福顺达aj白黑红 41,2019-03-01 22:12:33,8012白色
5,鞋子非常不错，穿着挺舒服的，做工也很好，大小合适，好评。                                  ,j***a,篮球鞋男高帮情侣鸳鸯鞋aj男鞋2019夏季新品运动鞋潮鞋跑步鞋运动鞋子男篮球靴 福顺达aj白黑红 41,2019-02-24 17:59:40,8012白色
6,鞋子质量不错，穿着舒服，做工很好，包装很用心，非常不错。                                  ,慧***z,篮球鞋男高帮情侣鸳鸯鞋aj男鞋2019夏季新品运动鞋潮鞋跑步鞋运动鞋子男篮球靴 福顺达aj白黑红 41,2019-01-29 13:34:04,白色
7,宝贝非常时尚，质量也很好，做工很精美，面料非常好，很满意。                                 ,j***q,篮球鞋男高帮情侣鸳鸯鞋aj男鞋2019夏季新品运动鞋潮鞋跑步鞋运动鞋子男篮球靴 福顺达aj白黑红 41,2019-02-22 21:18:22,8012白色
8,鞋子已经收到了，物流速度快，客服服务好，重要的是鞋子很不错！没有色差，穿着舒适，完美                    ,j***n,篮球鞋男高帮情侣鸳鸯鞋aj男鞋2019夏季新品运动鞋潮鞋跑步鞋运动鞋子男篮球靴 福顺达aj白黑红 41,2019-02-19 16:40:48,8012白色
9,鞋子款式漂亮。发货速度很快。做工精细。穿着合脚脚感不错。是我喜欢样子满意                          ,江***t,篮球鞋男高帮情侣鸳鸯鞋aj男鞋2019夏季新品运动鞋潮鞋跑步鞋运动鞋子男篮球靴 福顺达aj白黑红 41,2019-03-04 17:01:12,8012白色
0,鞋子非常不错，做工精美，款式时尚大方，非常的好看，好评                                   ,j***d,篮球鞋男高帮情侣鸳鸯鞋aj男鞋2019夏季新品运动鞋潮鞋跑步鞋运动鞋子男篮球靴 福顺达aj白黑红 41,2019-01-30 17:04:38,白色
1,很漂亮鞋子。穿着脚感不错。质量很好。款式漂亮。下次再来                                   ,尹***n,篮球鞋男高帮情侣鸳鸯鞋aj男鞋2019夏季新品运动鞋潮鞋跑步鞋运动鞋子男篮球靴 福顺达aj白黑红 41,2019-03-03 13:47:25,8012白色
2,鞋子很好看，穿着很舒服，透气性很好，走路不磨脚，好评。                                   ,j***l,篮球鞋男高帮情侣鸳鸯鞋aj男鞋2019夏季新品运动鞋潮鞋跑步鞋运动鞋子男篮球靴 福顺达aj白黑红 41,2019-02-22 20:26:04,8012白色
3,宝贝收到了，物流很快，价格很实惠，款式非常的好看，穿着舒服，质量也很好，很满意                       ,j***q,篮球鞋男高帮情侣鸳鸯鞋aj男鞋2019夏季新品运动鞋潮鞋跑步鞋运动鞋子男篮球靴 福顺达aj白黑红 41,2019-02-22 22:46:16,8012白色
4,鞋子穿着舒服。款式不错。发货速度很快。做工精细。店家服务态度好。下次再来                          ,高***s,篮球鞋男高帮情侣鸳鸯鞋aj男鞋2019夏季新品运动鞋潮鞋跑步鞋运动鞋子男篮球靴 福顺达aj白黑红 41,2019-03-03 13:24:49,8012白色
5,鞋子做宝贝收到了，质量还不错，价格也是很实惠，做工非常精美，穿着好看，好评。                        ,j***m,篮球鞋男高帮情侣鸳鸯鞋aj男鞋2019夏季新品运动鞋潮鞋跑步鞋运动鞋子男篮球靴 福顺达aj白黑红 41,2019-02-16 17:20:23,8012白色
6,宝贝收到了。打开包装。鞋子款式很不错。做工精细。穿着好看。很喜欢满意                            ,史***r,篮球鞋男高帮情侣鸳鸯鞋aj男鞋2019夏季新品运动鞋潮鞋跑步鞋运动鞋子男篮球靴 福顺达aj白黑红 41,2019-03-04 17:19:37,8012白色
7,鞋子穿着舒服。发货速度很快。包装不错。款式漂亮。没有色差。物有所值                             ,j***c,篮球鞋男高帮情侣鸳鸯鞋aj男鞋2019夏季新品运动鞋潮鞋跑步鞋运动鞋子男篮球靴 福顺达aj白黑红 41,2019-02-25 19:02:33,8012白色
8,宝贝收到了，质量非常的好，款式非常的好看，做工非常的精致，好评。                              ,白***e,篮球鞋男高帮情侣鸳鸯鞋aj男鞋2019夏季新品运动鞋潮鞋跑步鞋运动鞋子男篮球靴 福顺达aj白黑红 41,2019-03-05 17:00:14,8012白色
9,很不错鞋子。穿着舒服好看。不磨脚。版型好看。下次再来                                    ,杜***y,篮球鞋男高帮情侣鸳鸯鞋aj男鞋2019夏季新品运动鞋潮鞋跑步鞋运动鞋子男篮球靴 福顺达aj白黑红 41,2019-02-28 16:49:36,8012白色
0,宝贝收到了，物流很快，包装很好，没有破损，质量也很不错，做工精美，好评。                          ,j***l,篮球鞋男高帮情侣鸳鸯鞋aj男鞋2019夏季新品运动鞋潮鞋跑步鞋运动鞋子男篮球靴 福顺达aj白黑红 41,2019-02-22 19:10:15,8012白色
1,鞋子版型漂亮。大小合适。发货速度很快。穿着合脚好看 我很喜欢                                ,叶***q,篮球鞋男高帮情侣鸳鸯鞋aj男鞋2019夏季新品运动鞋潮鞋跑步鞋运动鞋子男篮球靴 福顺达aj白黑红 41,2019-03-02 14:21:32,8012白色
2,鞋子做工很好，款式很精美，没有色差，版型也很好，好评。                                   ,j***m,篮球鞋男高帮情侣鸳鸯鞋aj男鞋2019夏季新品运动鞋潮鞋跑步鞋运动鞋子男篮球靴 福顺达aj白黑红 41,2019-02-24 18:21:18,8012白色
3,鞋子很大气，做工很好，穿着很舒服，价格也实惠，很满意，下次有需要还来。                           ,j***d,篮球鞋男高帮情侣鸳鸯鞋aj男鞋2019夏季新品运动鞋潮鞋跑步鞋运动鞋子男篮球靴 福顺达aj白黑红 41,2019-02-21 18:14:52,8012白色
4,鞋子发货速度很快。质量不错。很好穿。款式不错。发货速度很快。满意                              ,j***s,篮球鞋男高帮情侣鸳鸯鞋aj男鞋2019夏季新品运动鞋潮鞋跑步鞋运动鞋子男篮球靴 福顺达aj白黑红 41,2019-02-25 17:40:43,8012白色
5,很漂亮一款鞋子。款式不错。发货速度很快。穿着好看。价格实惠                                 ,彭***p,篮球鞋男高帮情侣鸳鸯鞋aj男鞋2019夏季新品运动鞋潮鞋跑步鞋运动鞋子男篮球靴 福顺达aj白黑红 41,2019-03-05 16:06:59,8012白色
6,宝贝收到了，物流很快，质量也很好，做工精美，大小合适，很满意。                               ,郑***l,篮球鞋男高帮情侣鸳鸯鞋aj男鞋2019夏季新品运动鞋潮鞋跑步鞋运动鞋子男篮球靴 福顺达aj白黑红 41,2019-03-05 15:42:32,8012白色
7,鞋子收到了。很好看。码数标准。 上脚效果不错。和实物描述一样                                ,j***e,篮球鞋男高帮情侣鸳鸯鞋aj男鞋2019夏季新品运动鞋潮鞋跑步鞋运动鞋子男篮球靴 福顺达aj白黑红 41,2019-02-25 14:46:15,8012白色
8,鞋子很喜欢，大小合适，做工精美，质量也非常好，非常满意，好评。                               ,j***o,篮球鞋男高帮情侣鸳鸯鞋aj男鞋2019夏季新品运动鞋潮鞋跑步鞋运动鞋子男篮球靴 福顺达aj白黑红 41,2019-02-24 17:40:29,8012白色
9,宝贝非常不错，大小合适，质量也很好，穿着很有气质，值得推荐                                 ,李***2,篮球鞋男高帮情侣鸳鸯鞋aj男鞋2019夏季新品运动鞋潮鞋跑步鞋运动鞋子男篮球靴 福顺达aj白黑红 41,2019-03-05 17:32:54,8012白色
0,鞋子很好穿。款式不错。质量很好。款式漂亮。 包装不错                                    ,j***g,篮球鞋男高帮情侣鸳鸯鞋aj男鞋2019夏季新品运动鞋潮鞋跑步鞋运动鞋子男篮球靴 福顺达aj白黑红 41,2019-02-23 18:45:43,8012白色
1,很满意的购物，鞋子质量非常好，穿着舒服，款式精美，挺不错的                                 ,j***g,篮球鞋男高帮情侣鸳鸯鞋aj男鞋2019夏季新品运动鞋潮鞋跑步鞋运动鞋子男篮球靴 福顺达aj白黑红 41,2019-01-30 16:52:35,白色
2,鞋子穿着舒服。走路轻巧。 颜色好看。不磨脚。很喜欢。                                    ,罗***g,篮球鞋男高帮情侣鸳鸯鞋aj男鞋2019夏季新品运动鞋潮鞋跑步鞋运动鞋子男篮球靴 福顺达aj白黑红 41,2019-03-01 17:16:09,8012白色
3,鞋子版型好看。和描述一样。我很喜欢。没有色差。不磨脚。满意                                 ,邵***i,篮球鞋男高帮情侣鸳鸯鞋aj男鞋2019夏季新品运动鞋潮鞋跑步鞋运动鞋子男篮球靴 福顺达aj白黑红 41,2019-03-03 16:52:49,8012白色
4,刚收到就赶紧试穿，很棒的鞋子，鞋码正，上脚很舒服。                                     ,琼***x,篮球鞋男高帮情侣鸳鸯鞋aj男鞋2019夏季新品运动鞋潮鞋跑步鞋运动鞋子男篮球靴 福顺达aj白黑红 41,2019-01-29 13:49:46,白色
5,鞋子不错，穿着不会磨脚，透气性非常棒，不闷脚，好评                                     ,j***h,篮球鞋男高帮情侣鸳鸯鞋aj男鞋2019夏季新品运动鞋潮鞋跑步鞋运动鞋子男篮球靴 福顺达aj白黑红 41,2019-02-24 17:56:40,8012白色
6,鞋子试穿了一下，款式不错，版型合适，上脚效果很好，喜欢价格优惠。                              ,j***d,篮球鞋男高帮情侣鸳鸯鞋aj男鞋2019夏季新品运动鞋潮鞋跑步鞋运动鞋子男篮球靴 福顺达aj白黑红 41,2019-01-27 17:31:52,白色
7,好评好评，宝贝很喜欢，穿着舒服，面料也很好，做工精致，满意                                 ,j***z,篮球鞋男高帮情侣鸳鸯鞋aj男鞋2019夏季新品运动鞋潮鞋跑步鞋运动鞋子男篮球靴 福顺达aj白黑红 41,2019-02-21 20:12:40,8012白色
8,鞋子发货速度很快。做工不错。店家服务态度好。不磨脚。做工精细                                ,j***c,篮球鞋男高帮情侣鸳鸯鞋aj男鞋2019夏季新品运动鞋潮鞋跑步鞋运动鞋子男篮球靴 福顺达aj白黑红 41,2019-02-26 19:12:34,8012白色
9,很不错鞋子。发货速度很快。大小合适。非常舒适。价格实惠。                                  ,薛***x,篮球鞋男高帮情侣鸳鸯鞋aj男鞋2019夏季新品运动鞋潮鞋跑步鞋运动鞋子男篮球靴 福顺达aj白黑红 41,2019-03-03 15:14:49,8012白色
0,宝贝到了。款式不错。和描述一样 版型好看。穿着合脚。很满意                                 ,彭***w,篮球鞋男高帮情侣鸳鸯鞋aj男鞋2019夏季新品运动鞋潮鞋跑步鞋运动鞋子男篮球靴 福顺达aj白黑红 41,2019-03-03 16:17:31,8012白色
1,收到了，试穿了一下，大小合适，颜色喜欢，非常舒适。                                     ,j***k,篮球鞋男高帮情侣鸳鸯鞋aj男鞋2019夏季新品运动鞋潮鞋跑步鞋运动鞋子男篮球靴 福顺达aj白黑红 41,2019-01-27 15:01:18,白色
2,很不错鞋子。发货速度很快。走路十分舒服。款式漂亮。满意                                   ,郝***g,篮球鞋男高帮情侣鸳鸯鞋aj男鞋2019夏季新品运动鞋潮鞋跑步鞋运动鞋子男篮球靴 福顺达aj白黑红 41,2019-02-28 13:51:00,8012白色
3,鞋子收到了。很喜欢。和描述一样。试穿了下。码数标准。穿着舒服                                ,毛***x,篮球鞋男高帮情侣鸳鸯鞋aj男鞋2019夏季新品运动鞋潮鞋跑步鞋运动鞋子男篮球靴 福顺达aj白黑红 41,2019-03-02 19:15:42,8012白色
4,鞋子非常大气，做工精美，样式也很好看，价格实惠，好评。                                   ,j***c,篮球鞋男高帮情侣鸳鸯鞋aj男鞋2019夏季新品运动鞋潮鞋跑步鞋运动鞋子男篮球靴 福顺达aj白黑红 41,2019-01-30 16:31:04,白色
5,很漂亮鞋子。收到了和描述一样。没有色差。穿着舒服。满意                                   ,丁***j,篮球鞋男高帮情侣鸳鸯鞋aj男鞋2019夏季新品运动鞋潮鞋跑步鞋运动鞋子男篮球靴 福顺达aj白黑红 41,2019-03-01 15:46:35,8012白色
6,鞋子到了。试穿了下。版型合适。我很喜欢。颜色好看。满意                                   ,冯***x,篮球鞋男高帮情侣鸳鸯鞋aj男鞋2019夏季新品运动鞋潮鞋跑步鞋运动鞋子男篮球靴 福顺达aj白黑红 41,2019-03-03 17:28:58,8012白色
7,鞋子穿了款式不错。版型好看。发货速度很快。穿着舒服。好看。                                 ,毛***i,篮球鞋男高帮情侣鸳鸯鞋aj男鞋2019夏季新品运动鞋潮鞋跑步鞋运动鞋子男篮球靴 福顺达aj白黑红 41,2019-03-01 14:26:08,8012白色
8,鞋子试穿了下。码数标准。发货速度很快。版型不错。满意                                    ,j***z,篮球鞋男高帮情侣鸳鸯鞋aj男鞋2019夏季新品运动鞋潮鞋跑步鞋运动鞋子男篮球靴 福顺达aj白黑红 41,2019-02-26 17:33:14,8012白色
9,宝贝收到了，质量是真的不错，做工也非常的好，非常的满意，包装很完整，物流很快。                       ,j***t,篮球鞋男高帮情侣鸳鸯鞋aj男鞋2019夏季新品运动鞋潮鞋跑步鞋运动鞋子男篮球靴 福顺达aj白黑红 41,2019-02-22 19:56:11,8012白色
0,大小刚好，穿起来很不错，穿上很舒服，不累脚。                                        ,继***1,篮球鞋男高帮情侣鸳鸯鞋aj男鞋2019夏季新品运动鞋潮鞋跑步鞋运动鞋子男篮球靴 福顺达aj白黑红 41,2019-01-29 14:05:32,白色
1,鞋子质量不错。款式漂亮。发货速度很快。做工精细。满意                                    ,j***s,篮球鞋男高帮情侣鸳鸯鞋aj男鞋2019夏季新品运动鞋潮鞋跑步鞋运动鞋子男篮球靴 福顺达aj白黑红 41,2019-01-27 18:44:54,白色
2,鞋子不错，做工很好，质量也不错，性价比很高，很喜欢。                                    ,j***c,篮球鞋男高帮情侣鸳鸯鞋aj男鞋2019夏季新品运动鞋潮鞋跑步鞋运动鞋子男篮球靴 福顺达aj白黑红 41,2019-02-22 22:20:24,8012白色
3,宝贝收到了。款式漂亮。穿着舒服好看。不磨脚。非常满意                                    ,吴***x,篮球鞋男高帮情侣鸳鸯鞋aj男鞋2019夏季新品运动鞋潮鞋跑步鞋运动鞋子男篮球靴 福顺达aj白黑红 41,2019-03-01 15:10:17,8012白色
4,鞋子做工很好，款式也很时尚，价格很便宜，比店里的实惠很多，值得推荐                             ,j***c,篮球鞋男高帮情侣鸳鸯鞋aj男鞋2019夏季新品运动鞋潮鞋跑步鞋运动鞋子男篮球靴 福顺达aj白黑红 41,2019-02-22 19:51:19,8012白色
5,很漂亮鞋子。穿着舒服。不磨脚。和描述一样。我非常满意                                    ,彭***j,篮球鞋男高帮情侣鸳鸯鞋aj男鞋2019夏季新品运动鞋潮鞋跑步鞋运动鞋子男篮球靴 福顺达aj白黑红 41,2019-03-02 17:24:55,8012白色
6,这双鞋子买的很值，质量非常好，主要是穿上很舒服，已经推荐给朋友了。                             ,金***6,篮球鞋男高帮情侣鸳鸯鞋aj男鞋2019夏季新品运动鞋潮鞋跑步鞋运动鞋子男篮球靴 福顺达aj白黑红 41,2019-01-29 14:59:50,白色
7,宝贝收到了，实物非常不错，和图片上所描述的一样，非常的喜欢，质量也很好，非常的满意。                    ,j***d,篮球鞋男高帮情侣鸳鸯鞋aj男鞋2019夏季新品运动鞋潮鞋跑步鞋运动鞋子男篮球靴 福顺达aj白黑红 41,2019-02-12 19:23:35,8012白色
8,鞋子不错，版型很好看，摸起来质量也不错，非常满意。                                     ,名***s,篮球鞋男高帮情侣鸳鸯鞋aj男鞋2019夏季新品运动鞋潮鞋跑步鞋运动鞋子男篮球靴 福顺达aj白黑红 41,2019-01-29 14:47:08,白色
9,鞋子很好看，穿着很舒服，透气性很好，非常喜欢，好评                                     ,j***r,篮球鞋男高帮情侣鸳鸯鞋aj男鞋2019夏季新品运动鞋潮鞋跑步鞋运动鞋子男篮球靴 福顺达aj白黑红 41,2019-01-30 16:15:37,白色
0,鞋子试穿了下。大小合适款式漂亮。发货速度很快。上脚效果 满意                                ,j***f,篮球鞋男高帮情侣鸳鸯鞋aj男鞋2019夏季新品运动鞋潮鞋跑步鞋运动鞋子男篮球靴 福顺达aj白黑红 41,2019-02-27 14:47:56,8012白色
1,穿了几天才来评价的，很好穿，上脚很耐看，店家非常耐心，很喜欢这个颜色！                           ,何***z,篮球鞋男高帮情侣鸳鸯鞋aj男鞋2019夏季新品运动鞋潮鞋跑步鞋运动鞋子男篮球靴 福顺达aj白黑红 41,2019-03-05 16:45:58,8012白色
2,宝贝收到，质量很不错，大小合适，穿着很舒服，好评。                                     ,j***c,篮球鞋男高帮情侣鸳鸯鞋aj男鞋2019夏季新品运动鞋潮鞋跑步鞋运动鞋子男篮球靴 福顺达aj白黑红 41,2019-02-16 15:10:09,8012白色
3,宝贝做工不错，质量也很好，价格很实惠，性价比超高，满意好评。                                ,j***n,篮球鞋男高帮情侣鸳鸯鞋aj男鞋2019夏季新品运动鞋潮鞋跑步鞋运动鞋子男篮球靴 福顺达aj白黑红 41,2019-02-21 17:44:04,8012白色
4,宝贝挺好看，大小合适，价格也非常合理，性价比很高，值得推荐。                                ,武***k,篮球鞋男高帮情侣鸳鸯鞋aj男鞋2019夏季新品运动鞋潮鞋跑步鞋运动鞋子男篮球靴 福顺达aj白黑红 41,2019-03-04 17:50:18,8012白色
5,鞋子和描述一样。款式不错 发货速度很快。做工精细。店家服务态度好                              ,j***q,篮球鞋男高帮情侣鸳鸯鞋aj男鞋2019夏季新品运动鞋潮鞋跑步鞋运动鞋子男篮球靴 福顺达aj白黑红 41,2019-02-26 18:50:25,8012白色
6,鞋子收到了。是我喜欢样子。款式不错。舒适感很好。价格实惠满意                                ,夏***r,篮球鞋男高帮情侣鸳鸯鞋aj男鞋2019夏季新品运动鞋潮鞋跑步鞋运动鞋子男篮球靴 福顺达aj白黑红 41,2019-03-04 14:08:44,8012白色
7,鞋子款式好看。做工精细。版型不错。店家服务态度很好                                     ,j***b,篮球鞋男高帮情侣鸳鸯鞋aj男鞋2019夏季新品运动鞋潮鞋跑步鞋运动鞋子男篮球靴 福顺达aj白黑红 41,2019-02-25 18:20:36,8012白色
8,鞋子收到了。发货速度很快。款式漂亮。穿着好看。物有所值。下次再来                              ,毛***v,篮球鞋男高帮情侣鸳鸯鞋aj男鞋2019夏季新品运动鞋潮鞋跑步鞋运动鞋子男篮球靴 福顺达aj白黑红 41,2019-03-04 14:26:10,8012白色
9,鞋子质量不错。发货速度很快。做工精细。穿着舒适。                                      ,j***j,篮球鞋男高帮情侣鸳鸯鞋aj男鞋2019夏季新品运动鞋潮鞋跑步鞋运动鞋子男篮球靴 福顺达aj白黑红 41,2019-01-27 17:55:31,白色
0,鞋子我很喜欢。穿着舒适。不磨脚。版型是我喜欢样子。已经推朋友。满意                             ,周***e,篮球鞋男高帮情侣鸳鸯鞋aj男鞋2019夏季新品运动鞋潮鞋跑步鞋运动鞋子男篮球靴 福顺达aj白黑红 41,2019-03-03 14:12:44,8012白色
1,鞋子收到了，和图片上的相符，没有色差，非常满意。实物穿着非常帅气                              ,j***c,篮球鞋男高帮情侣鸳鸯鞋aj男鞋2019夏季新品运动鞋潮鞋跑步鞋运动鞋子男篮球靴 福顺达aj白黑红 41,2019-02-19 15:26:39,8012白色
2,鞋子很好看，质量很不错，对得起这个价格，以关注，出新款在来买                                ,j***m,篮球鞋男高帮情侣鸳鸯鞋aj男鞋2019夏季新品运动鞋潮鞋跑步鞋运动鞋子男篮球靴 福顺达aj白黑红 41,2019-02-19 15:45:39,8012白色
3,鞋子款式不错。非常耐穿。大小合适。发货速度很快                                       ,j***r,篮球鞋男高帮情侣鸳鸯鞋aj男鞋2019夏季新品运动鞋潮鞋跑步鞋运动鞋子男篮球靴 福顺达aj白黑红 41,2019-02-25 17:04:17,8012白色
4,鞋子质量好，颜色很正，和图片上的一样，穿上舒适。                                      ,国***d,篮球鞋男高帮情侣鸳鸯鞋aj男鞋2019夏季新品运动鞋潮鞋跑步鞋运动鞋子男篮球靴 福顺达aj白黑红 41,2019-01-29 11:44:06,白色
5,鞋子是我喜欢样子。版型非常帅气。样式不错。做工精细                                     ,j***g,篮球鞋男高帮情侣鸳鸯鞋aj男鞋2019夏季新品运动鞋潮鞋跑步鞋运动鞋子男篮球靴 福顺达aj白黑红 41,2019-01-28 15:38:34,白色
6,收到了收到了，是我想要的款式非常满意，做工很好，质量也很不错。                               ,j***y,篮球鞋男高帮情侣鸳鸯鞋aj男鞋2019夏季新品运动鞋潮鞋跑步鞋运动鞋子男篮球靴 福顺达aj白黑红 41,2019-02-22 20:10:37,8012白色
7,鞋子收到了。实物很好看，穿着关注率百分百，超酷                                       ,j***f,篮球鞋男高帮情侣鸳鸯鞋aj男鞋2019夏季新品运动鞋潮鞋跑步鞋运动鞋子男篮球靴 福顺达aj白黑红 41,2019-02-19 14:57:44,8012白色
8,很漂亮鞋子。款式不错。发货速度很快。做工很好。                                       ,杜***e,篮球鞋男高帮情侣鸳鸯鞋aj男鞋2019夏季新品运动鞋潮鞋跑步鞋运动鞋子男篮球靴 福顺达aj白黑红 41,2019-03-03 16:36:30,8012白色
9,宝贝收到了。鞋子款式不错。发货速度很快。做工精细。下次再来                                 ,漕***u,篮球鞋男高帮情侣鸳鸯鞋aj男鞋2019夏季新品运动鞋潮鞋跑步鞋运动鞋子男篮球靴 福顺达aj白黑红 41,2019-03-02 17:06:33,8012白色
